trial,testing,parameters,initial_deadline,final_deadline,net_reward,actions,success
1,False,"{'a': 0.5, 'e': 0.99}",20,9,-90.14714767017294,"{0: 6, 1: 2, 2: 1, 3: 0, 4: 2}",1
2,False,"{'a': 0.5, 'e': 0.9801}",30,0,-136.9413196585673,"{0: 19, 1: 3, 2: 6, 3: 0, 4: 2}",0
3,False,"{'a': 0.5, 'e': 0.970299}",20,0,-115.23889157709748,"{0: 9, 1: 4, 2: 6, 3: 0, 4: 1}",0
4,False,"{'a': 0.5, 'e': 0.96059601}",20,0,-129.2459036003759,"{0: 11, 1: 2, 2: 4, 3: 1, 4: 2}",1
5,False,"{'a': 0.5, 'e': 0.9509900498999999}",25,0,-234.00579156702037,"{0: 13, 1: 1, 2: 6, 3: 1, 4: 4}",0
6,False,"{'a': 0.5, 'e': 0.941480149401}",30,0,-102.38109999828508,"{0: 22, 1: 2, 2: 3, 3: 2, 4: 1}",0
7,False,"{'a': 0.5, 'e': 0.9320653479069899}",20,0,-102.62137940052988,"{0: 9, 1: 5, 2: 5, 3: 0, 4: 1}",0
8,False,"{'a': 0.5, 'e': 0.9227446944279201}",25,0,-115.08565267014036,"{0: 17, 1: 1, 2: 5, 3: 0, 4: 2}",0
9,False,"{'a': 0.5, 'e': 0.9135172474836408}",20,0,-80.11631300194206,"{0: 13, 1: 1, 2: 5, 3: 0, 4: 1}",0
10,False,"{'a': 0.5, 'e': 0.9043820750088044}",20,0,-159.71986400951485,"{0: 10, 1: 4, 2: 3, 3: 0, 4: 3}",0
11,False,"{'a': 0.5, 'e': 0.8953382542587164}",20,0,-28.62034494661318,"{0: 14, 1: 3, 2: 3, 3: 0, 4: 0}",0
12,False,"{'a': 0.5, 'e': 0.8863848717161292}",25,0,-84.78260310152247,"{0: 19, 1: 2, 2: 2, 3: 0, 4: 2}",0
13,False,"{'a': 0.5, 'e': 0.8775210229989678}",30,0,-165.9372290121277,"{0: 17, 1: 4, 2: 6, 3: 1, 4: 2}",0
14,False,"{'a': 0.5, 'e': 0.8687458127689782}",20,0,-83.35314570954003,"{0: 12, 1: 2, 2: 5, 3: 0, 4: 1}",0
15,False,"{'a': 0.5, 'e': 0.8600583546412884}",25,0,-79.39763814562816,"{0: 17, 1: 2, 2: 5, 3: 0, 4: 1}",0
16,False,"{'a': 0.5, 'e': 0.8514577710948755}",20,0,-68.82631277550036,"{0: 13, 1: 3, 2: 3, 3: 0, 4: 1}",0
17,False,"{'a': 0.5, 'e': 0.8429431933839268}",20,9,-94.3926186721051,"{0: 6, 1: 1, 2: 2, 3: 0, 4: 2}",1
18,False,"{'a': 0.5, 'e': 0.8345137614500875}",30,8,-74.41532554800494,"{0: 15, 1: 1, 2: 5, 3: 0, 4: 1}",1
19,False,"{'a': 0.5, 'e': 0.8261686238355866}",30,0,-159.73790765237652,"{0: 20, 1: 2, 2: 5, 3: 0, 4: 3}",0
20,False,"{'a': 0.5, 'e': 0.8179069375972308}",25,0,-89.51119796467657,"{0: 18, 1: 1, 2: 4, 3: 1, 4: 1}",0
21,False,"{'a': 0.5, 'e': 0.8097278682212584}",20,0,-83.21312133789448,"{0: 12, 1: 4, 2: 3, 3: 0, 4: 1}",0
22,False,"{'a': 0.5, 'e': 0.8016305895390459}",20,0,-21.175106789272082,"{0: 15, 1: 3, 2: 2, 3: 0, 4: 0}",0
23,False,"{'a': 0.5, 'e': 0.7936142836436554}",30,0,-175.40348952572742,"{0: 17, 1: 5, 2: 5, 3: 0, 4: 3}",0
24,False,"{'a': 0.5, 'e': 0.7856781408072188}",25,0,-147.00975472800852,"{0: 12, 1: 6, 2: 4, 3: 1, 4: 2}",0
25,False,"{'a': 0.5, 'e': 0.7778213593991467}",20,6,-14.652071063091922,"{0: 11, 1: 0, 2: 3, 3: 0, 4: 0}",1
26,False,"{'a': 0.5, 'e': 0.7700431458051551}",35,10,-9.162599996158484,"{0: 19, 1: 4, 2: 2, 3: 0, 4: 0}",1
27,False,"{'a': 0.5, 'e': 0.7623427143471035}",25,0,-162.33346630124126,"{0: 15, 1: 4, 2: 2, 3: 1, 4: 3}",0
28,False,"{'a': 0.5, 'e': 0.7547192872036326}",20,5,-28.83892824318449,"{0: 11, 1: 0, 2: 4, 3: 0, 4: 0}",1
29,False,"{'a': 0.5, 'e': 0.7471720943315961}",20,7,-59.258883737727835,"{0: 8, 1: 2, 2: 2, 3: 0, 4: 1}",1
30,False,"{'a': 0.5, 'e': 0.7397003733882802}",25,0,-173.83448278285692,"{0: 14, 1: 2, 2: 6, 3: 0, 4: 3}",0
31,False,"{'a': 0.5, 'e': 0.7323033696543975}",30,0,-41.98559481250864,"{0: 20, 1: 6, 2: 4, 3: 0, 4: 0}",0
32,False,"{'a': 0.5, 'e': 0.7249803359578534}",25,0,-53.60274945631532,"{0: 20, 1: 1, 2: 3, 3: 0, 4: 1}",0
33,False,"{'a': 0.5, 'e': 0.7177305325982749}",20,0,-98.56789833055241,"{0: 14, 1: 0, 2: 4, 3: 0, 4: 2}",1
34,False,"{'a': 0.5, 'e': 0.7105532272722921}",30,0,-90.61972022291906,"{0: 19, 1: 4, 2: 6, 3: 0, 4: 1}",0
35,False,"{'a': 0.5, 'e': 0.7034476949995692}",20,0,-54.3586050084428,"{0: 15, 1: 1, 2: 3, 3: 0, 4: 1}",0
36,False,"{'a': 0.5, 'e': 0.6964132180495735}",30,0,-108.36820060124089,"{0: 17, 1: 6, 2: 6, 3: 0, 4: 1}",0
37,False,"{'a': 0.5, 'e': 0.6894490858690777}",20,0,-58.87838891522026,"{0: 14, 1: 3, 2: 2, 3: 0, 4: 1}",0
38,False,"{'a': 0.5, 'e': 0.682554595010387}",30,10,-42.15643839299844,"{0: 16, 1: 1, 2: 2, 3: 0, 4: 1}",1
39,False,"{'a': 0.5, 'e': 0.6757290490602831}",20,0,-159.24537240380505,"{0: 9, 1: 5, 2: 3, 3: 0, 4: 3}",0
40,False,"{'a': 0.5, 'e': 0.6689717585696803}",20,0,-12.644895945978412,"{0: 17, 1: 0, 2: 3, 3: 0, 4: 0}",0
41,False,"{'a': 0.5, 'e': 0.6622820409839835}",20,0,-24.250220044418658,"{0: 15, 1: 2, 2: 3, 3: 0, 4: 0}",0
42,False,"{'a': 0.5, 'e': 0.6556592205741436}",20,0,-112.37841675602844,"{0: 10, 1: 3, 2: 5, 3: 1, 4: 1}",0
43,False,"{'a': 0.5, 'e': 0.6491026283684022}",30,0,-9.494481646701155,"{0: 25, 1: 2, 2: 3, 3: 0, 4: 0}",0
44,False,"{'a': 0.5, 'e': 0.6426116020847181}",25,0,-59.66148013387048,"{0: 19, 1: 1, 2: 4, 3: 0, 4: 1}",0
45,False,"{'a': 0.5, 'e': 0.6361854860638709}",20,6,-20.624859474388284,"{0: 9, 1: 3, 2: 2, 3: 0, 4: 0}",1
46,False,"{'a': 0.5, 'e': 0.6298236312032323}",25,0,-36.78826025156496,"{0: 20, 1: 0, 2: 4, 3: 1, 4: 0}",0
47,False,"{'a': 0.5, 'e': 0.6235253948912}",25,0,-118.82707075141192,"{0: 19, 1: 0, 2: 2, 3: 2, 4: 2}",0
48,False,"{'a': 0.5, 'e': 0.617290140942288}",25,0,-111.69886542189077,"{0: 20, 1: 1, 2: 1, 3: 0, 4: 3}",0
49,False,"{'a': 0.5, 'e': 0.611117239532865}",20,0,-75.64467616492395,"{0: 13, 1: 1, 2: 5, 3: 0, 4: 1}",0
50,False,"{'a': 0.5, 'e': 0.6050060671375364}",20,0,-104.55626247072081,"{0: 15, 1: 0, 2: 2, 3: 1, 4: 2}",0
51,False,"{'a': 0.5, 'e': 0.598956006466161}",20,0,-52.48085313206869,"{0: 15, 1: 3, 2: 1, 3: 0, 4: 1}",0
52,False,"{'a': 0.5, 'e': 0.5929664464014994}",20,6,-11.567746693435694,"{0: 10, 1: 2, 2: 2, 3: 0, 4: 0}",1
53,False,"{'a': 0.5, 'e': 0.5870367819374844}",20,0,-51.444960577499295,"{0: 16, 1: 0, 2: 3, 3: 0, 4: 1}",0
54,False,"{'a': 0.5, 'e': 0.5811664141181095}",20,10,5.063775776390967,"{0: 9, 1: 0, 2: 1, 3: 0, 4: 0}",1
55,False,"{'a': 0.5, 'e': 0.5753547499769285}",30,0,-65.71076339309037,"{0: 19, 1: 3, 2: 8, 3: 0, 4: 0}",0
56,False,"{'a': 0.5, 'e': 0.5696012024771592}",20,9,6.0113110439642385,"{0: 9, 1: 2, 2: 0, 3: 0, 4: 0}",1
57,False,"{'a': 0.5, 'e': 0.5639051904523875}",30,1,-119.46983932255552,"{0: 18, 1: 5, 2: 4, 3: 0, 4: 2}",1
58,False,"{'a': 0.5, 'e': 0.5582661385478637}",20,13,1.282492057407448,"{0: 6, 1: 0, 2: 1, 3: 0, 4: 0}",1
59,False,"{'a': 0.5, 'e': 0.5526834771623851}",30,18,-10.296017974311866,"{0: 9, 1: 1, 2: 2, 3: 0, 4: 0}",1
60,False,"{'a': 0.5, 'e': 0.5471566423907612}",25,9,-33.003167992184395,"{0: 13, 1: 1, 2: 1, 3: 0, 4: 1}",1
61,False,"{'a': 0.5, 'e': 0.5416850759668536}",20,15,1.4675882811918035,"{0: 4, 1: 1, 2: 0, 3: 0, 4: 0}",1
62,False,"{'a': 0.5, 'e': 0.536268225207185}",20,0,-21.914170094204717,"{0: 16, 1: 1, 2: 2, 3: 1, 4: 0}",0
63,False,"{'a': 0.5, 'e': 0.5309055429551132}",35,23,-4.166818046845018,"{0: 10, 1: 0, 2: 2, 3: 0, 4: 0}",1
64,False,"{'a': 0.5, 'e': 0.525596487525562}",20,2,-30.962781730695852,"{0: 13, 1: 3, 2: 1, 3: 1, 4: 0}",1
65,False,"{'a': 0.5, 'e': 0.5203405226503064}",30,10,-99.4014018302258,"{0: 15, 1: 0, 2: 2, 3: 1, 4: 2}",1
66,False,"{'a': 0.5, 'e': 0.5151371174238033}",20,0,-11.617936252919035,"{0: 17, 1: 1, 2: 1, 3: 1, 4: 0}",0
67,False,"{'a': 0.5, 'e': 0.5099857462495653}",25,0,-26.342520874645956,"{0: 19, 1: 2, 2: 4, 3: 0, 4: 0}",0
68,False,"{'a': 0.5, 'e': 0.5048858887870696}",30,16,-40.068209316457825,"{0: 10, 1: 3, 2: 0, 3: 0, 4: 1}",1
69,False,"{'a': 0.5, 'e': 0.4998370298991989}",20,0,-25.7886987564225,"{0: 15, 1: 2, 2: 3, 3: 0, 4: 0}",0
70,False,"{'a': 0.5, 'e': 0.49483865960020695}",20,16,7.668278568797893,"{0: 4, 1: 0, 2: 0, 3: 0, 4: 0}",1
71,False,"{'a': 0.5, 'e': 0.4898902730042049}",25,15,-17.738015950692315,"{0: 8, 1: 0, 2: 1, 3: 1, 4: 0}",1
72,False,"{'a': 0.5, 'e': 0.48499137027416284}",20,0,0.6248146587368705,"{0: 17, 1: 2, 2: 1, 3: 0, 4: 0}",0
73,False,"{'a': 0.5, 'e': 0.4801414565714212}",30,17,-58.02850012269776,"{0: 8, 1: 2, 2: 2, 3: 0, 4: 1}",1
74,False,"{'a': 0.5, 'e': 0.47534004200570695}",20,0,-71.9865939696188,"{0: 15, 1: 0, 2: 3, 3: 1, 4: 1}",0
75,False,"{'a': 0.5, 'e': 0.4705866415856499}",25,7,18.012017468611006,"{0: 16, 1: 2, 2: 0, 3: 0, 4: 0}",1
76,False,"{'a': 0.5, 'e': 0.46588077516979337}",20,0,8.135404406062102,"{0: 18, 1: 1, 2: 1, 3: 0, 4: 0}",0
77,False,"{'a': 0.5, 'e': 0.46122196741809546}",25,15,-3.9292960596807083,"{0: 7, 1: 3, 2: 0, 3: 0, 4: 0}",1
78,False,"{'a': 0.5, 'e': 0.4566097477439145}",30,20,-2.3987463049058917,"{0: 8, 1: 1, 2: 1, 3: 0, 4: 0}",1
79,False,"{'a': 0.5, 'e': 0.45204365026647536}",30,3,15.8057612251035,"{0: 24, 1: 2, 2: 1, 3: 0, 4: 0}",1
80,False,"{'a': 0.5, 'e': 0.4475232137638106}",20,7,-4.579743707949684,"{0: 11, 1: 0, 2: 2, 3: 0, 4: 0}",1
81,False,"{'a': 0.5, 'e': 0.4430479816261725}",20,5,-24.14444364025538,"{0: 13, 1: 1, 2: 0, 3: 0, 4: 1}",1
82,False,"{'a': 0.5, 'e': 0.43861750180991077}",25,4,-16.437177186487933,"{0: 16, 1: 1, 2: 4, 3: 0, 4: 0}",1
83,False,"{'a': 0.5, 'e': 0.43423132679181164}",30,14,-16.778552173163966,"{0: 11, 1: 3, 2: 2, 3: 0, 4: 0}",1
84,False,"{'a': 0.5, 'e': 0.4298890135238935}",30,2,-43.63928397614271,"{0: 22, 1: 3, 2: 2, 3: 0, 4: 1}",1
85,False,"{'a': 0.5, 'e': 0.4255901233886546}",30,15,-28.958071578907422,"{0: 13, 1: 0, 2: 1, 3: 0, 4: 1}",1
86,False,"{'a': 0.5, 'e': 0.421334222154768}",20,12,-1.9042131817586743,"{0: 6, 1: 1, 2: 1, 3: 0, 4: 0}",1
87,False,"{'a': 0.5, 'e': 0.41712087993322033}",30,1,-99.45337223896065,"{0: 22, 1: 2, 2: 2, 3: 1, 4: 2}",1
88,False,"{'a': 0.5, 'e': 0.41294967113388814}",25,11,-70.06470625291841,"{0: 11, 1: 0, 2: 1, 3: 0, 4: 2}",1
89,False,"{'a': 0.5, 'e': 0.40882017442254925}",20,7,-53.40098221472225,"{0: 9, 1: 1, 2: 2, 3: 0, 4: 1}",1
90,False,"{'a': 0.5, 'e': 0.4047319726783238}",20,11,-4.345310880759595,"{0: 7, 1: 0, 2: 2, 3: 0, 4: 0}",1
91,False,"{'a': 0.5, 'e': 0.40068465295154054}",25,0,11.366414822925664,"{0: 22, 1: 2, 2: 1, 3: 0, 4: 0}",0
92,False,"{'a': 0.5, 'e': 0.3966778064220251}",20,11,-26.299004790479856,"{0: 6, 1: 0, 2: 2, 3: 1, 4: 0}",1
93,False,"{'a': 0.5, 'e': 0.39271102835780486}",20,16,6.606348223230658,"{0: 4, 1: 0, 2: 0, 3: 0, 4: 0}",1
94,False,"{'a': 0.5, 'e': 0.3887839180742268}",20,12,5.113492770355687,"{0: 7, 1: 1, 2: 0, 3: 0, 4: 0}",1
95,False,"{'a': 0.5, 'e': 0.38489607889348454}",30,16,-8.302678795912923,"{0: 11, 1: 1, 2: 2, 3: 0, 4: 0}",1
96,False,"{'a': 0.5, 'e': 0.38104711810454966}",25,9,-15.214643834055048,"{0: 12, 1: 1, 2: 3, 3: 0, 4: 0}",1
97,False,"{'a': 0.5, 'e': 0.37723664692350417}",25,11,-42.22427222538442,"{0: 10, 1: 2, 2: 1, 3: 0, 4: 1}",1
98,False,"{'a': 0.5, 'e': 0.37346428045426916}",25,12,10.99977390190401,"{0: 12, 1: 0, 2: 1, 3: 0, 4: 0}",1
99,False,"{'a': 0.5, 'e': 0.36972963764972644}",30,22,11.856191269025729,"{0: 8, 1: 0, 2: 0, 3: 0, 4: 0}",1
100,False,"{'a': 0.5, 'e': 0.3660323412732292}",20,5,-8.169478441437283,"{0: 13, 1: 1, 2: 0, 3: 1, 4: 0}",1
101,False,"{'a': 0.5, 'e': 0.3623720178604969}",20,0,-26.621082531959516,"{0: 18, 1: 0, 2: 1, 3: 0, 4: 1}",0
102,False,"{'a': 0.5, 'e': 0.3587482976818919}",20,9,-0.12225194483923585,"{0: 9, 1: 1, 2: 1, 3: 0, 4: 0}",1
103,False,"{'a': 0.5, 'e': 0.355160814705073}",35,22,17.18430529152164,"{0: 12, 1: 1, 2: 0, 3: 0, 4: 0}",1
104,False,"{'a': 0.5, 'e': 0.35160920655802225}",20,10,17.86087102753955,"{0: 10, 1: 0, 2: 0, 3: 0, 4: 0}",1
105,False,"{'a': 0.5, 'e': 0.348093114492442}",25,19,11.220173649830697,"{0: 6, 1: 0, 2: 0, 3: 0, 4: 0}",1
106,False,"{'a': 0.5, 'e': 0.3446121833475176}",25,11,-37.45743227043109,"{0: 11, 1: 0, 2: 2, 3: 0, 4: 1}",1
107,False,"{'a': 0.5, 'e': 0.34116606151404244}",25,0,13.376350543803103,"{0: 23, 1: 1, 2: 1, 3: 0, 4: 0}",0
108,False,"{'a': 0.5, 'e': 0.337754400898902}",20,0,-4.140522232768467,"{0: 17, 1: 0, 2: 3, 3: 0, 4: 0}",0
109,False,"{'a': 0.5, 'e': 0.334376856889913}",25,17,5.479818820167711,"{0: 7, 1: 0, 2: 1, 3: 0, 4: 0}",1
110,False,"{'a': 0.5, 'e': 0.33103308832101386}",25,14,13.855868735545002,"{0: 10, 1: 1, 2: 0, 3: 0, 4: 0}",1
111,False,"{'a': 0.5, 'e': 0.3277227574378037}",25,0,-1.220535774311299,"{0: 20, 1: 4, 2: 1, 3: 0, 4: 0}",0
112,False,"{'a': 0.5, 'e': 0.3244455298634257}",20,12,-6.545189235615184,"{0: 6, 1: 1, 2: 1, 3: 0, 4: 0}",1
113,False,"{'a': 0.5, 'e': 0.3212010745647914}",20,8,3.905582396326991,"{0: 10, 1: 1, 2: 1, 3: 0, 4: 0}",1
114,False,"{'a': 0.5, 'e': 0.3179890638191435}",20,8,-23.43598878875221,"{0: 8, 1: 3, 2: 0, 3: 1, 4: 0}",1
115,False,"{'a': 0.5, 'e': 0.31480917318095203}",30,0,-32.518045090624405,"{0: 25, 1: 2, 2: 2, 3: 0, 4: 1}",1
116,False,"{'a': 0.5, 'e': 0.3116610814491425}",20,4,-29.677514421730585,"{0: 14, 1: 1, 2: 0, 3: 0, 4: 1}",1
117,False,"{'a': 0.5, 'e': 0.30854447063465107}",20,3,-35.362084365085586,"{0: 14, 1: 1, 2: 1, 3: 0, 4: 1}",1
118,False,"{'a': 0.5, 'e': 0.3054590259283046}",20,0,28.617077993925495,"{0: 20, 1: 0, 2: 0, 3: 0, 4: 0}",0
119,False,"{'a': 0.5, 'e': 0.30240443566902153}",25,6,18.368878114571128,"{0: 18, 1: 0, 2: 1, 3: 0, 4: 0}",1
120,False,"{'a': 0.5, 'e': 0.2993803913123313}",20,9,22.67124549385611,"{0: 11, 1: 0, 2: 0, 3: 0, 4: 0}",1
121,False,"{'a': 0.5, 'e': 0.296386587399208}",30,12,-11.454190184515772,"{0: 17, 1: 0, 2: 0, 3: 0, 4: 1}",1
122,False,"{'a': 0.5, 'e': 0.2934227215252159}",20,0,21.654857074749717,"{0: 19, 1: 0, 2: 1, 3: 0, 4: 0}",0
123,False,"{'a': 0.5, 'e': 0.29048849430996376}",25,8,-30.85912026180069,"{0: 14, 1: 0, 2: 2, 3: 0, 4: 1}",1
124,False,"{'a': 0.5, 'e': 0.2875836093668641}",20,0,17.912353647935188,"{0: 19, 1: 0, 2: 1, 3: 0, 4: 0}",0
125,False,"{'a': 0.5, 'e': 0.28470777327319546}",20,12,-50.67368205332232,"{0: 6, 1: 0, 2: 0, 3: 1, 4: 1}",1
126,False,"{'a': 0.5, 'e': 0.2818606955404635}",20,8,19.32802854108082,"{0: 12, 1: 0, 2: 0, 3: 0, 4: 0}",1
127,False,"{'a': 0.5, 'e': 0.27904208858505886}",25,18,15.036360366914849,"{0: 7, 1: 0, 2: 0, 3: 0, 4: 0}",1
128,False,"{'a': 0.5, 'e': 0.2762516676992083}",25,7,-107.8707831233101,"{0: 11, 1: 2, 2: 2, 3: 1, 4: 2}",1
129,False,"{'a': 0.5, 'e': 0.2734891510222162}",20,6,7.603465943248111,"{0: 13, 1: 0, 2: 1, 3: 0, 4: 0}",1
130,False,"{'a': 0.5, 'e': 0.27075425951199406}",20,3,-29.664296710234247,"{0: 13, 1: 0, 2: 3, 3: 1, 4: 0}",1
131,False,"{'a': 0.5, 'e': 0.2680467169168741}",25,6,23.64600069003686,"{0: 18, 1: 0, 2: 1, 3: 0, 4: 0}",1
132,False,"{'a': 0.5, 'e': 0.26536624974770534}",20,0,-2.933173577022435,"{0: 17, 1: 1, 2: 2, 3: 0, 4: 0}",0
133,False,"{'a': 0.5, 'e': 0.2627125872502283}",20,12,15.194700699423441,"{0: 8, 1: 0, 2: 0, 3: 0, 4: 0}",1
134,False,"{'a': 0.5, 'e': 0.26008546137772603}",20,0,-2.177314981891584,"{0: 17, 1: 1, 2: 2, 3: 0, 4: 0}",0
135,False,"{'a': 0.5, 'e': 0.25748460676394874}",25,7,21.87669678041843,"{0: 17, 1: 1, 2: 0, 3: 0, 4: 0}",1
136,False,"{'a': 0.5, 'e': 0.2549097606963093}",20,11,-9.333278202804339,"{0: 6, 1: 2, 2: 1, 3: 0, 4: 0}",1
137,False,"{'a': 0.5, 'e': 0.2523606630893462}",20,0,-4.048995754373055,"{0: 17, 1: 0, 2: 3, 3: 0, 4: 0}",0
138,False,"{'a': 0.5, 'e': 0.2498370564584527}",25,17,13.684944260517732,"{0: 8, 1: 0, 2: 0, 3: 0, 4: 0}",1
139,False,"{'a': 0.5, 'e': 0.24733868589386818}",25,12,-16.764412870824728,"{0: 12, 1: 0, 2: 0, 3: 0, 4: 1}",1
140,False,"{'a': 0.5, 'e': 0.24486529903492948}",20,16,10.285628355746356,"{0: 4, 1: 0, 2: 0, 3: 0, 4: 0}",1
141,False,"{'a': 0.5, 'e': 0.2424166460445802}",20,3,16.680844551991125,"{0: 16, 1: 1, 2: 0, 3: 0, 4: 0}",1
142,False,"{'a': 0.5, 'e': 0.2399924795841344}",20,9,11.436679743638173,"{0: 10, 1: 0, 2: 1, 3: 0, 4: 0}",1
143,False,"{'a': 0.5, 'e': 0.23759255478829303}",20,9,-33.42359018686009,"{0: 9, 1: 0, 2: 1, 3: 0, 4: 1}",1
144,False,"{'a': 0.5, 'e': 0.23521662924041012}",20,6,-2.5997827732563583,"{0: 12, 1: 0, 2: 2, 3: 0, 4: 0}",1
145,False,"{'a': 0.5, 'e': 0.232864462948006}",20,4,15.823548086642415,"{0: 15, 1: 0, 2: 1, 3: 0, 4: 0}",1
146,False,"{'a': 0.5, 'e': 0.23053581831852593}",20,12,15.003588384725285,"{0: 8, 1: 0, 2: 0, 3: 0, 4: 0}",1
147,False,"{'a': 0.5, 'e': 0.22823046013534068}",20,8,2.913414969711436,"{0: 10, 1: 1, 2: 1, 3: 0, 4: 0}",1
148,False,"{'a': 0.5, 'e': 0.22594815553398728}",20,10,19.155966799673816,"{0: 10, 1: 0, 2: 0, 3: 0, 4: 0}",1
149,False,"{'a': 0.5, 'e': 0.2236886739786474}",20,0,22.28899899379272,"{0: 19, 1: 1, 2: 0, 3: 0, 4: 0}",1
150,False,"{'a': 0.5, 'e': 0.22145178723886091}",25,11,11.4019671780325,"{0: 13, 1: 0, 2: 1, 3: 0, 4: 0}",1
151,False,"{'a': 0.5, 'e': 0.2192372693664723}",20,11,-3.7046078616280522,"{0: 7, 1: 0, 2: 2, 3: 0, 4: 0}",1
152,False,"{'a': 0.5, 'e': 0.21704489667280757}",25,11,13.445983825476025,"{0: 13, 1: 0, 2: 1, 3: 0, 4: 0}",1
153,False,"{'a': 0.5, 'e': 0.2148744477060795}",25,10,-0.7222688231583909,"{0: 12, 1: 1, 2: 2, 3: 0, 4: 0}",1
154,False,"{'a': 0.5, 'e': 0.2127257032290187}",20,7,5.029462235914259,"{0: 11, 1: 1, 2: 1, 3: 0, 4: 0}",1
155,False,"{'a': 0.5, 'e': 0.21059844619672852}",30,14,19.69241148657306,"{0: 15, 1: 1, 2: 0, 3: 0, 4: 0}",1
156,False,"{'a': 0.5, 'e': 0.20849246173476124}",20,12,3.683517412638815,"{0: 7, 1: 0, 2: 1, 3: 0, 4: 0}",1
157,False,"{'a': 0.5, 'e': 0.2064075371174136}",30,22,15.20553854753061,"{0: 8, 1: 0, 2: 0, 3: 0, 4: 0}",1
158,False,"{'a': 0.5, 'e': 0.2043434617462395}",25,12,-19.134462223815618,"{0: 12, 1: 0, 2: 0, 3: 0, 4: 1}",1
159,False,"{'a': 0.5, 'e': 0.2023000271287771}",25,14,22.984048543827484,"{0: 11, 1: 0, 2: 0, 3: 0, 4: 0}",1
160,False,"{'a': 0.5, 'e': 0.2002770268574893}",20,9,7.512384543392429,"{0: 10, 1: 0, 2: 1, 3: 0, 4: 0}",1
161,False,"{'a': 0.5, 'e': 0.19827425658891443}",20,15,10.311597094732388,"{0: 5, 1: 0, 2: 0, 3: 0, 4: 0}",1
162,False,"{'a': 0.5, 'e': 0.19629151402302528}",30,23,9.841305729564093,"{0: 7, 1: 0, 2: 0, 3: 0, 4: 0}",1
163,False,"{'a': 0.5, 'e': 0.19432859888279502}",20,0,7.375192248848163,"{0: 17, 1: 2, 2: 1, 3: 0, 4: 0}",0
164,False,"{'a': 0.5, 'e': 0.19238531289396707}",30,18,-60.96704681559721,"{0: 10, 1: 0, 2: 0, 3: 0, 4: 2}",1
165,False,"{'a': 0.5, 'e': 0.1904614597650274}",25,19,9.839255404477424,"{0: 6, 1: 0, 2: 0, 3: 0, 4: 0}",1
166,False,"{'a': 0.5, 'e': 0.1885568451673771}",30,11,13.452198810228353,"{0: 17, 1: 1, 2: 1, 3: 0, 4: 0}",1
167,False,"{'a': 0.5, 'e': 0.18667127671570335}",30,8,37.92372114906806,"{0: 22, 1: 0, 2: 0, 3: 0, 4: 0}",1
168,False,"{'a': 0.5, 'e': 0.1848045639485463}",20,8,9.843671608643083,"{0: 10, 1: 2, 2: 0, 3: 0, 4: 0}",1
169,False,"{'a': 0.5, 'e': 0.18295651830906084}",25,13,-45.342975592545066,"{0: 8, 1: 2, 2: 1, 3: 0, 4: 1}",1
170,False,"{'a': 0.5, 'e': 0.18112695312597024}",25,19,10.619011370420841,"{0: 6, 1: 0, 2: 0, 3: 0, 4: 0}",1
171,False,"{'a': 0.5, 'e': 0.17931568359471053}",25,16,17.489146689415414,"{0: 9, 1: 0, 2: 0, 3: 0, 4: 0}",1
172,False,"{'a': 0.5, 'e': 0.17752252675876343}",35,19,17.431391712600124,"{0: 14, 1: 2, 2: 0, 3: 0, 4: 0}",1
173,False,"{'a': 0.5, 'e': 0.1757473014911758}",20,13,5.959826782109428,"{0: 6, 1: 1, 2: 0, 3: 0, 4: 0}",1
174,False,"{'a': 0.5, 'e': 0.173989828476264}",20,11,-25.713421230586373,"{0: 8, 1: 0, 2: 0, 3: 0, 4: 1}",1
175,False,"{'a': 0.5, 'e': 0.1722499301915014}",35,2,8.239474456126732,"{0: 31, 1: 1, 2: 0, 3: 0, 4: 1}",1
176,False,"{'a': 0.5, 'e': 0.17052743088958636}",20,9,15.7793914556837,"{0: 10, 1: 1, 2: 0, 3: 0, 4: 0}",1
177,False,"{'a': 0.5, 'e': 0.1688221565806905}",20,15,8.921206850049789,"{0: 5, 1: 0, 2: 0, 3: 0, 4: 0}",1
178,False,"{'a': 0.5, 'e': 0.1671339350148836}",25,16,11.354908744377195,"{0: 8, 1: 1, 2: 0, 3: 0, 4: 0}",1
179,False,"{'a': 0.5, 'e': 0.16546259566473476}",30,13,31.221429322638745,"{0: 17, 1: 0, 2: 0, 3: 0, 4: 0}",1
180,False,"{'a': 0.5, 'e': 0.16380796970808742}",20,15,9.369160353359465,"{0: 5, 1: 0, 2: 0, 3: 0, 4: 0}",1
181,False,"{'a': 0.5, 'e': 0.16216989001100654}",35,26,17.131929001413805,"{0: 9, 1: 0, 2: 0, 3: 0, 4: 0}",1
182,False,"{'a': 0.5, 'e': 0.16054819111089647}",25,15,5.613526025381303,"{0: 9, 1: 0, 2: 1, 3: 0, 4: 0}",1
183,False,"{'a': 0.5, 'e': 0.1589427091997875}",25,17,11.60506120026455,"{0: 8, 1: 0, 2: 0, 3: 0, 4: 0}",1
184,False,"{'a': 0.5, 'e': 0.15735328210778962}",20,11,6.921052999729113,"{0: 8, 1: 0, 2: 1, 3: 0, 4: 0}",1
185,False,"{'a': 0.5, 'e': 0.15577974928671173}",20,11,1.9727231617509802,"{0: 8, 1: 0, 2: 1, 3: 0, 4: 0}",1
186,False,"{'a': 0.5, 'e': 0.1542219517938446}",20,8,23.055090469420804,"{0: 12, 1: 0, 2: 0, 3: 0, 4: 0}",1
187,False,"{'a': 0.5, 'e': 0.15267973227590617}",25,4,37.11049572180351,"{0: 21, 1: 0, 2: 0, 3: 0, 4: 0}",1
188,False,"{'a': 0.5, 'e': 0.1511529349531471}",25,16,-3.9627446585702524,"{0: 8, 1: 0, 2: 0, 3: 1, 4: 0}",1
189,False,"{'a': 0.5, 'e': 0.14964140560361563}",20,15,10.561811963750657,"{0: 5, 1: 0, 2: 0, 3: 0, 4: 0}",1
190,False,"{'a': 0.5, 'e': 0.14814499154757946}",25,10,22.66609842401719,"{0: 14, 1: 1, 2: 0, 3: 0, 4: 0}",1
191,False,"{'a': 0.5, 'e': 0.14666354163210368}",25,14,23.732274289463223,"{0: 11, 1: 0, 2: 0, 3: 0, 4: 0}",1
192,False,"{'a': 0.5, 'e': 0.14519690621578263}",30,16,24.696582115621037,"{0: 14, 1: 0, 2: 0, 3: 0, 4: 0}",1
193,False,"{'a': 0.5, 'e': 0.1437449371536248}",20,11,16.256487269084857,"{0: 9, 1: 0, 2: 0, 3: 0, 4: 0}",1
194,False,"{'a': 0.5, 'e': 0.14230748778208857}",20,10,8.182673116843784,"{0: 9, 1: 0, 2: 1, 3: 0, 4: 0}",1
195,False,"{'a': 0.5, 'e': 0.14088441290426768}",20,0,-5.238376346947752,"{0: 17, 1: 0, 2: 3, 3: 0, 4: 0}",0
196,False,"{'a': 0.5, 'e': 0.139475568775225}",35,22,22.61582787082006,"{0: 13, 1: 0, 2: 0, 3: 0, 4: 0}",1
197,False,"{'a': 0.5, 'e': 0.13808081308747275}",25,7,-5.627311308975384,"{0: 16, 1: 0, 2: 1, 3: 1, 4: 0}",1
198,False,"{'a': 0.5, 'e': 0.136700004956598}",25,17,-28.603632928523346,"{0: 7, 1: 0, 2: 0, 3: 0, 4: 1}",1
199,False,"{'a': 0.5, 'e': 0.13533300490703204}",25,17,13.31818351790016,"{0: 8, 1: 0, 2: 0, 3: 0, 4: 0}",1
200,False,"{'a': 0.5, 'e': 0.13397967485796172}",20,3,24.18361218316233,"{0: 17, 1: 0, 2: 0, 3: 0, 4: 0}",1
201,False,"{'a': 0.5, 'e': 0.1326398781093821}",20,14,11.881915421420398,"{0: 6, 1: 0, 2: 0, 3: 0, 4: 0}",1
202,False,"{'a': 0.5, 'e': 0.13131347932828827}",20,3,16.597653700077142,"{0: 16, 1: 0, 2: 1, 3: 0, 4: 0}",1
203,False,"{'a': 0.5, 'e': 0.1300003445350054}",30,11,11.52326608143298,"{0: 16, 1: 2, 2: 1, 3: 0, 4: 0}",1
204,False,"{'a': 0.5, 'e': 0.12870034108965533}",25,12,-29.227765328827374,"{0: 11, 1: 0, 2: 1, 3: 0, 4: 1}",1
205,False,"{'a': 0.5, 'e': 0.1274133376787588}",25,11,-17.848118657862972,"{0: 13, 1: 0, 2: 0, 3: 0, 4: 1}",1
206,False,"{'a': 0.5, 'e': 0.12613920430197118}",20,10,18.92646017742522,"{0: 10, 1: 0, 2: 0, 3: 0, 4: 0}",1
207,False,"{'a': 0.5, 'e': 0.12487781225895148}",25,5,28.48325553051066,"{0: 19, 1: 1, 2: 0, 3: 0, 4: 0}",1
208,False,"{'a': 0.5, 'e': 0.12362903413636196}",25,15,19.082534033131857,"{0: 10, 1: 0, 2: 0, 3: 0, 4: 0}",1
209,False,"{'a': 0.5, 'e': 0.12239274379499834}",20,0,14.615718298182028,"{0: 18, 1: 1, 2: 1, 3: 0, 4: 0}",1
210,False,"{'a': 0.5, 'e': 0.12116881635704835}",25,11,16.972287648544903,"{0: 13, 1: 0, 2: 1, 3: 0, 4: 0}",1
211,False,"{'a': 0.5, 'e': 0.11995712819347787}",20,16,6.884746425102451,"{0: 4, 1: 0, 2: 0, 3: 0, 4: 0}",1
212,False,"{'a': 0.5, 'e': 0.11875755691154309}",30,12,32.03298791972597,"{0: 18, 1: 0, 2: 0, 3: 0, 4: 0}",1
213,False,"{'a': 0.5, 'e': 0.11756998134242766}",25,18,14.362508732606878,"{0: 7, 1: 0, 2: 0, 3: 0, 4: 0}",1
214,False,"{'a': 0.5, 'e': 0.11639428152900338}",20,15,10.021643298039775,"{0: 5, 1: 0, 2: 0, 3: 0, 4: 0}",1
215,False,"{'a': 0.5, 'e': 0.11523033871371334}",20,16,8.36155168422282,"{0: 4, 1: 0, 2: 0, 3: 0, 4: 0}",1
216,False,"{'a': 0.5, 'e': 0.1140780353265762}",20,6,16.28361056676965,"{0: 13, 1: 0, 2: 1, 3: 0, 4: 0}",1
217,False,"{'a': 0.5, 'e': 0.11293725497331045}",20,11,18.69329442244707,"{0: 9, 1: 0, 2: 0, 3: 0, 4: 0}",1
218,False,"{'a': 0.5, 'e': 0.11180788242357734}",20,6,1.1754845992313911,"{0: 11, 1: 2, 2: 1, 3: 0, 4: 0}",1
219,False,"{'a': 0.5, 'e': 0.11068980359934157}",20,16,7.126785143271677,"{0: 4, 1: 0, 2: 0, 3: 0, 4: 0}",1
220,False,"{'a': 0.5, 'e': 0.10958290556334815}",20,14,-1.6066273734243621,"{0: 5, 1: 0, 2: 1, 3: 0, 4: 0}",1
221,False,"{'a': 0.5, 'e': 0.10848707650771466}",20,5,28.55702211811269,"{0: 15, 1: 0, 2: 0, 3: 0, 4: 0}",1
222,False,"{'a': 0.5, 'e': 0.10740220574263752}",20,10,18.690267115052535,"{0: 10, 1: 0, 2: 0, 3: 0, 4: 0}",1
223,False,"{'a': 0.5, 'e': 0.10632818368521114}",25,15,21.90884733048155,"{0: 10, 1: 0, 2: 0, 3: 0, 4: 0}",1
224,False,"{'a': 0.5, 'e': 0.10526490184835903}",25,11,27.91537470121996,"{0: 14, 1: 0, 2: 0, 3: 0, 4: 0}",1
225,False,"{'a': 0.5, 'e': 0.10421225282987544}",25,20,9.476037000906386,"{0: 5, 1: 0, 2: 0, 3: 0, 4: 0}",1
226,False,"{'a': 0.5, 'e': 0.10317013030157669}",35,19,28.383715051386726,"{0: 16, 1: 0, 2: 0, 3: 0, 4: 0}",1
227,False,"{'a': 0.5, 'e': 0.10213842899856092}",20,16,6.495678606644339,"{0: 4, 1: 0, 2: 0, 3: 0, 4: 0}",1
228,False,"{'a': 0.5, 'e': 0.10111704470857531}",25,17,14.798209159986385,"{0: 8, 1: 0, 2: 0, 3: 0, 4: 0}",1
229,False,"{'a': 0.5, 'e': 0.10010587426148955}",20,11,3.0980221688392717,"{0: 8, 1: 0, 2: 1, 3: 0, 4: 0}",1
230,False,"{'a': 0.5, 'e': 0.09910481551887466}",20,14,8.262992884649833,"{0: 5, 1: 1, 2: 0, 3: 0, 4: 0}",1
231,False,"{'a': 0.5, 'e': 0.0981137673636859}",20,9,21.776999191207626,"{0: 11, 1: 0, 2: 0, 3: 0, 4: 0}",1
232,False,"{'a': 0.5, 'e': 0.09713262969004904}",20,2,30.46592849489054,"{0: 18, 1: 0, 2: 0, 3: 0, 4: 0}",1
233,False,"{'a': 0.5, 'e': 0.09616130339314856}",30,20,19.508291606267544,"{0: 10, 1: 0, 2: 0, 3: 0, 4: 0}",1
234,False,"{'a': 0.5, 'e': 0.09519969035921708}",25,6,-23.50617539788231,"{0: 16, 1: 0, 2: 1, 3: 2, 4: 0}",1
235,False,"{'a': 0.5, 'e': 0.0942476934556249}",20,0,33.50489902985002,"{0: 20, 1: 0, 2: 0, 3: 0, 4: 0}",0
236,False,"{'a': 0.5, 'e': 0.09330521652106866}",25,3,33.04157030734967,"{0: 21, 1: 1, 2: 0, 3: 0, 4: 0}",1
237,False,"{'a': 0.5, 'e': 0.09237216435585796}",25,15,22.573869169831795,"{0: 10, 1: 0, 2: 0, 3: 0, 4: 0}",1
238,False,"{'a': 0.5, 'e': 0.09144844271229938}",20,16,7.11970474553292,"{0: 4, 1: 0, 2: 0, 3: 0, 4: 0}",1
239,False,"{'a': 0.5, 'e': 0.0905339582851764}",25,19,11.997637281392713,"{0: 6, 1: 0, 2: 0, 3: 0, 4: 0}",1
240,False,"{'a': 0.5, 'e': 0.08962861870232462}",20,6,7.416898055804438,"{0: 12, 1: 1, 2: 1, 3: 0, 4: 0}",1
241,False,"{'a': 0.5, 'e': 0.08873233251530138}",20,8,24.87120152227267,"{0: 12, 1: 0, 2: 0, 3: 0, 4: 0}",1
242,False,"{'a': 0.5, 'e': 0.08784500919014836}",30,23,14.379133410267306,"{0: 7, 1: 0, 2: 0, 3: 0, 4: 0}",1
243,False,"{'a': 0.5, 'e': 0.08696655909824688}",25,2,5.3336396745878805,"{0: 21, 1: 0, 2: 2, 3: 0, 4: 0}",1
244,False,"{'a': 0.5, 'e': 0.0860968935072644}",20,8,18.870195763156683,"{0: 12, 1: 0, 2: 0, 3: 0, 4: 0}",1
245,False,"{'a': 0.5, 'e': 0.08523592457219176}",20,9,21.68110304827578,"{0: 11, 1: 0, 2: 0, 3: 0, 4: 0}",1
246,False,"{'a': 0.5, 'e': 0.08438356532646984}",20,8,21.195771700623244,"{0: 12, 1: 0, 2: 0, 3: 0, 4: 0}",1
247,False,"{'a': 0.5, 'e': 0.08353972967320515}",20,4,18.005719285837927,"{0: 15, 1: 1, 2: 0, 3: 0, 4: 0}",1
248,False,"{'a': 0.5, 'e': 0.0827043323764731}",20,8,20.056523941177325,"{0: 12, 1: 0, 2: 0, 3: 0, 4: 0}",1
249,False,"{'a': 0.5, 'e': 0.08187728905270836}",25,8,7.32589519368232,"{0: 16, 1: 0, 2: 0, 3: 1, 4: 0}",1
250,False,"{'a': 0.5, 'e': 0.08105851616218128}",20,12,6.730467622173068,"{0: 7, 1: 1, 2: 0, 3: 0, 4: 0}",1
251,False,"{'a': 0.5, 'e': 0.08024793100055946}",30,18,19.748700891739585,"{0: 12, 1: 0, 2: 0, 3: 0, 4: 0}",1
252,False,"{'a': 0.5, 'e': 0.07944545169055386}",20,11,19.726337654561934,"{0: 9, 1: 0, 2: 0, 3: 0, 4: 0}",1
253,False,"{'a': 0.5, 'e': 0.07865099717364833}",20,0,31.10722340207338,"{0: 20, 1: 0, 2: 0, 3: 0, 4: 0}",0
254,False,"{'a': 0.5, 'e': 0.07786448720191184}",20,10,20.61530354911484,"{0: 10, 1: 0, 2: 0, 3: 0, 4: 0}",1
255,False,"{'a': 0.5, 'e': 0.07708584232989273}",20,15,10.056028552918482,"{0: 5, 1: 0, 2: 0, 3: 0, 4: 0}",1
256,False,"{'a': 0.5, 'e': 0.0763149839065938}",20,10,18.674781710547858,"{0: 10, 1: 0, 2: 0, 3: 0, 4: 0}",1
257,False,"{'a': 0.5, 'e': 0.07555183406752786}",25,11,25.707398111533216,"{0: 14, 1: 0, 2: 0, 3: 0, 4: 0}",1
258,False,"{'a': 0.5, 'e': 0.07479631572685258}",25,10,27.026239864690183,"{0: 15, 1: 0, 2: 0, 3: 0, 4: 0}",1
259,False,"{'a': 0.5, 'e': 0.07404835256958406}",35,18,27.298492132689752,"{0: 17, 1: 0, 2: 0, 3: 0, 4: 0}",1
260,False,"{'a': 0.5, 'e': 0.07330786904388821}",25,13,4.104763424783632,"{0: 11, 1: 0, 2: 1, 3: 0, 4: 0}",1
261,False,"{'a': 0.5, 'e': 0.07257479035344933}",20,14,3.762368689854649,"{0: 5, 1: 1, 2: 0, 3: 0, 4: 0}",1
262,False,"{'a': 0.5, 'e': 0.07184904244991483}",30,23,14.47410725131035,"{0: 7, 1: 0, 2: 0, 3: 0, 4: 0}",1
263,False,"{'a': 0.5, 'e': 0.07113055202541568}",20,11,15.87619603814412,"{0: 9, 1: 0, 2: 0, 3: 0, 4: 0}",1
264,False,"{'a': 0.5, 'e': 0.07041924650516153}",20,15,9.888496065079313,"{0: 5, 1: 0, 2: 0, 3: 0, 4: 0}",1
265,False,"{'a': 0.5, 'e': 0.06971505404010991}",25,3,30.882807391432582,"{0: 21, 1: 1, 2: 0, 3: 0, 4: 0}",1
266,False,"{'a': 0.5, 'e': 0.06901790349970881}",30,11,28.006540198507988,"{0: 18, 1: 1, 2: 0, 3: 0, 4: 0}",1
267,False,"{'a': 0.5, 'e': 0.06832772446471172}",25,20,8.378904661193044,"{0: 5, 1: 0, 2: 0, 3: 0, 4: 0}",1
268,False,"{'a': 0.5, 'e': 0.0676444472200646}",25,19,7.686928996848107,"{0: 6, 1: 0, 2: 0, 3: 0, 4: 0}",1
269,False,"{'a': 0.5, 'e': 0.06696800274786396}",25,14,21.573519432772006,"{0: 11, 1: 0, 2: 0, 3: 0, 4: 0}",1
270,False,"{'a': 0.5, 'e': 0.06629832272038531}",35,23,27.08541402726545,"{0: 12, 1: 0, 2: 0, 3: 0, 4: 0}",1
271,False,"{'a': 0.5, 'e': 0.06563533949318147}",25,13,23.211001479178456,"{0: 12, 1: 0, 2: 0, 3: 0, 4: 0}",1
272,False,"{'a': 0.5, 'e': 0.06497898609824965}",30,8,33.79195277472504,"{0: 21, 1: 1, 2: 0, 3: 0, 4: 0}",1
273,False,"{'a': 0.5, 'e': 0.06432919623726716}",20,12,15.281516517715286,"{0: 8, 1: 0, 2: 0, 3: 0, 4: 0}",1
274,False,"{'a': 0.5, 'e': 0.06368590427489448}",20,12,14.749340313003568,"{0: 8, 1: 0, 2: 0, 3: 0, 4: 0}",1
275,False,"{'a': 0.5, 'e': 0.06304904523214554}",20,8,24.300277408964995,"{0: 12, 1: 0, 2: 0, 3: 0, 4: 0}",1
276,False,"{'a': 0.5, 'e': 0.06241855477982408}",35,21,27.442367722201325,"{0: 14, 1: 0, 2: 0, 3: 0, 4: 0}",1
277,False,"{'a': 0.5, 'e': 0.06179436923202584}",25,14,20.875224660585538,"{0: 11, 1: 0, 2: 0, 3: 0, 4: 0}",1
278,False,"{'a': 0.5, 'e': 0.06117642553970558}",30,24,11.197934295698538,"{0: 6, 1: 0, 2: 0, 3: 0, 4: 0}",1
279,False,"{'a': 0.5, 'e': 0.06056466128430853}",30,18,20.589580496955087,"{0: 12, 1: 0, 2: 0, 3: 0, 4: 0}",1
280,False,"{'a': 0.5, 'e': 0.05995901467146544}",25,10,17.985806526764943,"{0: 14, 1: 0, 2: 1, 3: 0, 4: 0}",1
281,False,"{'a': 0.5, 'e': 0.059359424524750785}",20,15,4.301756918752615,"{0: 4, 1: 1, 2: 0, 3: 0, 4: 0}",1
282,False,"{'a': 0.5, 'e': 0.05876583027950327}",20,8,20.83179665471943,"{0: 12, 1: 0, 2: 0, 3: 0, 4: 0}",1
283,False,"{'a': 0.5, 'e': 0.05817817197670824}",20,9,18.560212732011337,"{0: 11, 1: 0, 2: 0, 3: 0, 4: 0}",1
284,False,"{'a': 0.5, 'e': 0.05759639025694116}",20,12,17.304047709741567,"{0: 8, 1: 0, 2: 0, 3: 0, 4: 0}",1
285,False,"{'a': 0.5, 'e': 0.057020426354371746}",20,8,18.630816419937716,"{0: 12, 1: 0, 2: 0, 3: 0, 4: 0}",1
286,False,"{'a': 0.5, 'e': 0.05645022209082803}",20,16,6.486611025694177,"{0: 4, 1: 0, 2: 0, 3: 0, 4: 0}",1
287,False,"{'a': 0.5, 'e': 0.05588571986991975}",20,16,8.285712103059605,"{0: 4, 1: 0, 2: 0, 3: 0, 4: 0}",1
288,False,"{'a': 0.5, 'e': 0.05532686267122055}",25,14,18.739633291923596,"{0: 11, 1: 0, 2: 0, 3: 0, 4: 0}",1
289,False,"{'a': 0.5, 'e': 0.05477359404450834}",20,6,25.13024135041897,"{0: 14, 1: 0, 2: 0, 3: 0, 4: 0}",1
290,False,"{'a': 0.5, 'e': 0.05422585810406326}",20,11,10.971070792579278,"{0: 8, 1: 1, 2: 0, 3: 0, 4: 0}",1
291,False,"{'a': 0.5, 'e': 0.05368359952302263}",20,9,17.500644331693398,"{0: 11, 1: 0, 2: 0, 3: 0, 4: 0}",1
292,False,"{'a': 0.5, 'e': 0.0531467635277924}",25,10,23.30035966336823,"{0: 15, 1: 0, 2: 0, 3: 0, 4: 0}",1
293,False,"{'a': 0.5, 'e': 0.05261529589251448}",20,13,13.083458886828684,"{0: 7, 1: 0, 2: 0, 3: 0, 4: 0}",1
294,False,"{'a': 0.5, 'e': 0.05208914293358933}",25,16,18.80123752365688,"{0: 9, 1: 0, 2: 0, 3: 0, 4: 0}",1
295,False,"{'a': 0.5, 'e': 0.05156825150425344}",20,13,11.655580575526544,"{0: 7, 1: 0, 2: 0, 3: 0, 4: 0}",1
296,False,"{'a': 0.5, 'e': 0.0510525689892109}",20,0,35.72690865646702,"{0: 20, 1: 0, 2: 0, 3: 0, 4: 0}",1
297,False,"{'a': 0.5, 'e': 0.050542043299318794}",20,11,17.66328810250807,"{0: 9, 1: 0, 2: 0, 3: 0, 4: 0}",1
298,False,"{'a': 0.5, 'e': 0.050036622866325604}",20,8,19.567409316443385,"{0: 12, 1: 0, 2: 0, 3: 0, 4: 0}",1
299,False,"{'a': 0.5, 'e': 0.04953625663766235}",35,23,27.005550659040285,"{0: 12, 1: 0, 2: 0, 3: 0, 4: 0}",1
300,False,"{'a': 0.5, 'e': 0.04904089407128572}",20,12,-4.668304946046025,"{0: 6, 1: 1, 2: 1, 3: 0, 4: 0}",1
301,False,"{'a': 0.5, 'e': 0.04855048513057287}",20,4,29.414565878832597,"{0: 16, 1: 0, 2: 0, 3: 0, 4: 0}",1
302,False,"{'a': 0.5, 'e': 0.04806498027926714}",35,21,19.083470814140565,"{0: 13, 1: 1, 2: 0, 3: 0, 4: 0}",1
303,False,"{'a': 0.5, 'e': 0.047584330476474465}",35,25,17.276123420764094,"{0: 10, 1: 0, 2: 0, 3: 0, 4: 0}",1
304,False,"{'a': 0.5, 'e': 0.04710848717170972}",20,10,18.763473102225895,"{0: 10, 1: 0, 2: 0, 3: 0, 4: 0}",1
305,False,"{'a': 0.5, 'e': 0.04663740229999262}",30,20,19.073417910532694,"{0: 10, 1: 0, 2: 0, 3: 0, 4: 0}",1
306,False,"{'a': 0.5, 'e': 0.046171028276992696}",20,4,15.651627104033278,"{0: 15, 1: 0, 2: 1, 3: 0, 4: 0}",1
307,False,"{'a': 0.5, 'e': 0.045709317994222766}",20,5,11.538470606507934,"{0: 14, 1: 0, 2: 1, 3: 0, 4: 0}",1
308,False,"{'a': 0.5, 'e': 0.04525222481428054}",20,13,13.005080966565636,"{0: 7, 1: 0, 2: 0, 3: 0, 4: 0}",1
309,False,"{'a': 0.5, 'e': 0.04479970256613774}",25,13,22.302388604809053,"{0: 12, 1: 0, 2: 0, 3: 0, 4: 0}",1
310,False,"{'a': 0.5, 'e': 0.044351705540476356}",20,3,26.4001900274837,"{0: 17, 1: 0, 2: 0, 3: 0, 4: 0}",1
311,False,"{'a': 0.5, 'e': 0.043908188485071595}",25,14,-21.595027333537917,"{0: 10, 1: 0, 2: 0, 3: 0, 4: 1}",1
312,False,"{'a': 0.5, 'e': 0.04346910660022087}",25,15,18.76409708367442,"{0: 10, 1: 0, 2: 0, 3: 0, 4: 0}",1
313,False,"{'a': 0.5, 'e': 0.04303441553421867}",20,12,11.046414225675587,"{0: 8, 1: 0, 2: 0, 3: 0, 4: 0}",1
314,False,"{'a': 0.5, 'e': 0.04260407137887648}",25,8,21.61030821343428,"{0: 16, 1: 1, 2: 0, 3: 0, 4: 0}",1
315,False,"{'a': 0.5, 'e': 0.04217803066508771}",30,23,14.685331403889487,"{0: 7, 1: 0, 2: 0, 3: 0, 4: 0}",1
316,False,"{'a': 0.5, 'e': 0.04175625035843684}",20,12,15.934222478923735,"{0: 8, 1: 0, 2: 0, 3: 0, 4: 0}",1
317,False,"{'a': 0.5, 'e': 0.041338687854852466}",20,13,12.874571767836821,"{0: 7, 1: 0, 2: 0, 3: 0, 4: 0}",1
318,False,"{'a': 0.5, 'e': 0.040925300976303945}",25,15,15.511930606826882,"{0: 10, 1: 0, 2: 0, 3: 0, 4: 0}",1
319,False,"{'a': 0.5, 'e': 0.0405160479665409}",20,12,6.401567723400895,"{0: 7, 1: 1, 2: 0, 3: 0, 4: 0}",1
320,False,"{'a': 0.5, 'e': 0.040110887486875496}",25,8,26.479894203198594,"{0: 16, 1: 1, 2: 0, 3: 0, 4: 0}",1
321,False,"{'a': 0.5, 'e': 0.03970977861200674}",20,16,7.789880185293232,"{0: 4, 1: 0, 2: 0, 3: 0, 4: 0}",1
322,False,"{'a': 0.5, 'e': 0.039312680825886674}",25,8,9.354700526277139,"{0: 15, 1: 1, 2: 1, 3: 0, 4: 0}",1
323,False,"{'a': 0.5, 'e': 0.038919554017627804}",20,12,14.335093091887948,"{0: 8, 1: 0, 2: 0, 3: 0, 4: 0}",1
324,False,"{'a': 0.5, 'e': 0.03853035847745152}",20,10,18.97073831445173,"{0: 10, 1: 0, 2: 0, 3: 0, 4: 0}",1
325,False,"{'a': 0.5, 'e': 0.03814505489267701}",25,17,15.625747038745061,"{0: 8, 1: 0, 2: 0, 3: 0, 4: 0}",1
326,False,"{'a': 0.5, 'e': 0.03776360434375024}",20,14,11.238721312624163,"{0: 6, 1: 0, 2: 0, 3: 0, 4: 0}",1
327,False,"{'a': 0.5, 'e': 0.03738596830031274}",20,10,21.637152570554914,"{0: 10, 1: 0, 2: 0, 3: 0, 4: 0}",1
328,False,"{'a': 0.5, 'e': 0.03701210861730961}",20,14,11.618303699567734,"{0: 6, 1: 0, 2: 0, 3: 0, 4: 0}",1
329,False,"{'a': 0.5, 'e': 0.03664198753113651}",35,20,30.592974986173907,"{0: 15, 1: 0, 2: 0, 3: 0, 4: 0}",1
330,False,"{'a': 0.5, 'e': 0.036275567655825146}",20,12,13.15574303481209,"{0: 8, 1: 0, 2: 0, 3: 0, 4: 0}",1
331,False,"{'a': 0.5, 'e': 0.03591281197926689}",20,3,32.31986616389961,"{0: 17, 1: 0, 2: 0, 3: 0, 4: 0}",1
332,False,"{'a': 0.5, 'e': 0.035553683859474224}",30,16,22.45811998887001,"{0: 14, 1: 0, 2: 0, 3: 0, 4: 0}",1
333,False,"{'a': 0.5, 'e': 0.035198147020879485}",20,10,21.04848041045347,"{0: 10, 1: 0, 2: 0, 3: 0, 4: 0}",1
334,False,"{'a': 0.5, 'e': 0.03484616555067069}",25,15,17.16278796688761,"{0: 10, 1: 0, 2: 0, 3: 0, 4: 0}",1
335,False,"{'a': 0.5, 'e': 0.03449770389516398}",20,9,18.642492516633865,"{0: 11, 1: 0, 2: 0, 3: 0, 4: 0}",1
336,False,"{'a': 0.5, 'e': 0.03415272685621234}",20,16,8.78305297109369,"{0: 4, 1: 0, 2: 0, 3: 0, 4: 0}",1
337,False,"{'a': 0.5, 'e': 0.03381119958765022}",20,12,15.711258898047852,"{0: 8, 1: 0, 2: 0, 3: 0, 4: 0}",1
338,False,"{'a': 0.5, 'e': 0.03347308759177372}",20,15,7.447037753293819,"{0: 5, 1: 0, 2: 0, 3: 0, 4: 0}",1
339,False,"{'a': 0.5, 'e': 0.03313835671585598}",25,15,21.38986037406878,"{0: 10, 1: 0, 2: 0, 3: 0, 4: 0}",1
340,False,"{'a': 0.5, 'e': 0.03280697314869742}",20,13,16.038602012538046,"{0: 7, 1: 0, 2: 0, 3: 0, 4: 0}",1
341,False,"{'a': 0.5, 'e': 0.03247890341721044}",20,5,26.446716622344344,"{0: 15, 1: 0, 2: 0, 3: 0, 4: 0}",1
342,False,"{'a': 0.5, 'e': 0.03215411438303834}",25,8,29.538527552405778,"{0: 17, 1: 0, 2: 0, 3: 0, 4: 0}",1
343,False,"{'a': 0.5, 'e': 0.031832573239207955}",30,21,19.343466414453506,"{0: 9, 1: 0, 2: 0, 3: 0, 4: 0}",1
344,False,"{'a': 0.5, 'e': 0.031514247506815876}",20,15,9.022563034867767,"{0: 5, 1: 0, 2: 0, 3: 0, 4: 0}",1
345,False,"{'a': 0.5, 'e': 0.031199105031747717}",20,5,25.81359188741072,"{0: 15, 1: 0, 2: 0, 3: 0, 4: 0}",1
346,False,"{'a': 0.5, 'e': 0.03088711398143024}",20,9,18.669531281776717,"{0: 11, 1: 0, 2: 0, 3: 0, 4: 0}",1
347,False,"{'a': 0.5, 'e': 0.030578242841615935}",20,12,15.872336157560602,"{0: 8, 1: 0, 2: 0, 3: 0, 4: 0}",1
348,False,"{'a': 0.5, 'e': 0.030272460413199778}",20,16,6.813082176558571,"{0: 4, 1: 0, 2: 0, 3: 0, 4: 0}",1
349,False,"{'a': 0.5, 'e': 0.02996973580906778}",20,2,33.55252095903128,"{0: 18, 1: 0, 2: 0, 3: 0, 4: 0}",1
350,False,"{'a': 0.5, 'e': 0.029670038450977102}",25,13,21.930744490070136,"{0: 12, 1: 0, 2: 0, 3: 0, 4: 0}",1
351,False,"{'a': 0.5, 'e': 0.02937333806646733}",25,11,21.10101360998978,"{0: 14, 1: 0, 2: 0, 3: 0, 4: 0}",1
352,False,"{'a': 0.5, 'e': 0.029079604685802656}",30,19,21.974621697446146,"{0: 11, 1: 0, 2: 0, 3: 0, 4: 0}",1
353,False,"{'a': 0.5, 'e': 0.02878880863894463}",25,19,13.484141672546395,"{0: 6, 1: 0, 2: 0, 3: 0, 4: 0}",1
354,False,"{'a': 0.5, 'e': 0.02850092055255518}",20,5,23.235142372800194,"{0: 15, 1: 0, 2: 0, 3: 0, 4: 0}",1
355,False,"{'a': 0.5, 'e': 0.02821591134702963}",20,6,7.821532312279352,"{0: 13, 1: 0, 2: 1, 3: 0, 4: 0}",1
356,False,"{'a': 0.5, 'e': 0.027933752233559334}",20,13,14.424003182765855,"{0: 7, 1: 0, 2: 0, 3: 0, 4: 0}",1
357,False,"{'a': 0.5, 'e': 0.027654414711223742}",25,9,30.182530043199208,"{0: 16, 1: 0, 2: 0, 3: 0, 4: 0}",1
358,False,"{'a': 0.5, 'e': 0.027377870564111503}",25,15,17.25884704199811,"{0: 10, 1: 0, 2: 0, 3: 0, 4: 0}",1
359,False,"{'a': 0.5, 'e': 0.02710409185847039}",20,3,26.583986996250783,"{0: 17, 1: 0, 2: 0, 3: 0, 4: 0}",1
360,False,"{'a': 0.5, 'e': 0.026833050939885684}",25,5,23.814972690706703,"{0: 19, 1: 0, 2: 1, 3: 0, 4: 0}",1
361,False,"{'a': 0.5, 'e': 0.026564720430486827}",20,14,10.577789323726986,"{0: 6, 1: 0, 2: 0, 3: 0, 4: 0}",1
362,False,"{'a': 0.5, 'e': 0.026299073226181958}",20,11,17.64951831808755,"{0: 9, 1: 0, 2: 0, 3: 0, 4: 0}",1
363,False,"{'a': 0.5, 'e': 0.026036082493920136}",25,17,16.28890661872991,"{0: 8, 1: 0, 2: 0, 3: 0, 4: 0}",1
364,False,"{'a': 0.5, 'e': 0.025775721668980935}",25,10,14.950038733521414,"{0: 14, 1: 0, 2: 1, 3: 0, 4: 0}",1
365,False,"{'a': 0.5, 'e': 0.025517964452291125}",20,16,9.168804899166608,"{0: 4, 1: 0, 2: 0, 3: 0, 4: 0}",1
366,False,"{'a': 0.5, 'e': 0.025262784807768213}",30,20,17.15802489513485,"{0: 10, 1: 0, 2: 0, 3: 0, 4: 0}",1
367,False,"{'a': 0.5, 'e': 0.025010156959690534}",30,18,22.556987157756136,"{0: 12, 1: 0, 2: 0, 3: 0, 4: 0}",1
368,False,"{'a': 0.5, 'e': 0.024760055390093627}",20,6,26.82267774798845,"{0: 14, 1: 0, 2: 0, 3: 0, 4: 0}",1
369,False,"{'a': 0.5, 'e': 0.02451245483619269}",20,10,18.764634903822976,"{0: 10, 1: 0, 2: 0, 3: 0, 4: 0}",1
370,False,"{'a': 0.5, 'e': 0.024267330287830763}",30,19,26.478895471365654,"{0: 11, 1: 0, 2: 0, 3: 0, 4: 0}",1
371,False,"{'a': 0.5, 'e': 0.024024656984952455}",30,16,22.159296604791376,"{0: 14, 1: 0, 2: 0, 3: 0, 4: 0}",1
372,False,"{'a': 0.5, 'e': 0.02378441041510293}",25,13,17.904977310037005,"{0: 12, 1: 0, 2: 0, 3: 0, 4: 0}",1
373,False,"{'a': 0.5, 'e': 0.0235465663109519}",30,18,19.95215496536815,"{0: 12, 1: 0, 2: 0, 3: 0, 4: 0}",1
374,False,"{'a': 0.5, 'e': 0.02331110064784238}",20,10,19.25055066584534,"{0: 10, 1: 0, 2: 0, 3: 0, 4: 0}",1
375,False,"{'a': 0.5, 'e': 0.02307798964136396}",20,3,29.189977447926466,"{0: 17, 1: 0, 2: 0, 3: 0, 4: 0}",1
376,False,"{'a': 0.5, 'e': 0.022847209744950317}",30,12,-10.497131080425639,"{0: 17, 1: 0, 2: 0, 3: 0, 4: 1}",1
377,False,"{'a': 0.5, 'e': 0.022618737647500813}",25,14,18.357977480222548,"{0: 11, 1: 0, 2: 0, 3: 0, 4: 0}",1
378,False,"{'a': 0.5, 'e': 0.022392550271025807}",25,11,26.755953277244878,"{0: 14, 1: 0, 2: 0, 3: 0, 4: 0}",1
379,False,"{'a': 0.5, 'e': 0.022168624768315548}",30,22,15.997176528045195,"{0: 8, 1: 0, 2: 0, 3: 0, 4: 0}",1
380,False,"{'a': 0.5, 'e': 0.021946938520632394}",25,18,13.256848759155542,"{0: 7, 1: 0, 2: 0, 3: 0, 4: 0}",1
381,False,"{'a': 0.5, 'e': 0.02172746913542607}",35,19,25.88542270681343,"{0: 16, 1: 0, 2: 0, 3: 0, 4: 0}",1
382,False,"{'a': 0.5, 'e': 0.021510194444071807}",25,10,30.820128187049047,"{0: 15, 1: 0, 2: 0, 3: 0, 4: 0}",1
383,False,"{'a': 0.5, 'e': 0.021295092499631088}",25,15,20.61471543280555,"{0: 10, 1: 0, 2: 0, 3: 0, 4: 0}",1
384,False,"{'a': 0.5, 'e': 0.02108214157463478}",20,8,22.142345455346213,"{0: 12, 1: 0, 2: 0, 3: 0, 4: 0}",1
385,False,"{'a': 0.5, 'e': 0.02087132015888843}",25,17,14.007578098168807,"{0: 8, 1: 0, 2: 0, 3: 0, 4: 0}",1
386,False,"{'a': 0.5, 'e': 0.020662606957299545}",30,18,20.958641117128412,"{0: 12, 1: 0, 2: 0, 3: 0, 4: 0}",1
387,False,"{'a': 0.5, 'e': 0.02045598088772655}",20,0,25.398103600407065,"{0: 20, 1: 0, 2: 0, 3: 0, 4: 0}",0
388,False,"{'a': 0.5, 'e': 0.020251421078849283}",30,16,19.944737718594688,"{0: 14, 1: 0, 2: 0, 3: 0, 4: 0}",1
389,False,"{'a': 0.5, 'e': 0.02004890686806079}",20,16,9.861024410080047,"{0: 4, 1: 0, 2: 0, 3: 0, 4: 0}",1
390,False,"{'a': 0.5, 'e': 0.019848417799380184}",20,12,14.544314764211741,"{0: 8, 1: 0, 2: 0, 3: 0, 4: 0}",1
391,False,"{'a': 0.5, 'e': 0.01964993362138638}",20,12,16.441452545782198,"{0: 8, 1: 0, 2: 0, 3: 0, 4: 0}",1
392,False,"{'a': 0.5, 'e': 0.019453434285172516}",20,1,27.6745752217965,"{0: 19, 1: 0, 2: 0, 3: 0, 4: 0}",1
393,False,"{'a': 0.5, 'e': 0.01925889994232079}",20,8,20.133656289109332,"{0: 12, 1: 0, 2: 0, 3: 0, 4: 0}",1
394,False,"{'a': 0.5, 'e': 0.019066310942897582}",25,13,22.130631912619503,"{0: 12, 1: 0, 2: 0, 3: 0, 4: 0}",1
395,False,"{'a': 0.5, 'e': 0.01887564783346861}",25,9,27.29646986620621,"{0: 16, 1: 0, 2: 0, 3: 0, 4: 0}",1
396,False,"{'a': 0.5, 'e': 0.018686891355133923}",20,14,9.7844016929369,"{0: 6, 1: 0, 2: 0, 3: 0, 4: 0}",1
397,False,"{'a': 0.5, 'e': 0.01850002244158258}",20,5,22.149573506228467,"{0: 15, 1: 0, 2: 0, 3: 0, 4: 0}",1
398,False,"{'a': 0.5, 'e': 0.018315022217166757}",30,20,15.51296332593984,"{0: 10, 1: 0, 2: 0, 3: 0, 4: 0}",1
399,False,"{'a': 0.5, 'e': 0.018131871994995087}",20,12,15.477769513541103,"{0: 8, 1: 0, 2: 0, 3: 0, 4: 0}",1
400,False,"{'a': 0.5, 'e': 0.017950553275045137}",20,13,12.453608134922995,"{0: 7, 1: 0, 2: 0, 3: 0, 4: 0}",1
401,False,"{'a': 0.5, 'e': 0.017771047742294686}",20,11,16.216585168758936,"{0: 9, 1: 0, 2: 0, 3: 0, 4: 0}",1
402,False,"{'a': 0.5, 'e': 0.01759333726487174}",25,9,34.4163577747028,"{0: 16, 1: 0, 2: 0, 3: 0, 4: 0}",1
403,False,"{'a': 0.5, 'e': 0.017417403892223023}",25,17,14.167216211729926,"{0: 8, 1: 0, 2: 0, 3: 0, 4: 0}",1
404,False,"{'a': 0.5, 'e': 0.01724322985330079}",20,12,16.031015156758617,"{0: 8, 1: 0, 2: 0, 3: 0, 4: 0}",1
405,False,"{'a': 0.5, 'e': 0.017070797554767782}",20,6,24.57119717272459,"{0: 14, 1: 0, 2: 0, 3: 0, 4: 0}",1
406,False,"{'a': 0.5, 'e': 0.016900089579220106}",35,24,19.627619028541407,"{0: 11, 1: 0, 2: 0, 3: 0, 4: 0}",1
407,False,"{'a': 0.5, 'e': 0.016731088683427903}",25,9,30.519644158369868,"{0: 16, 1: 0, 2: 0, 3: 0, 4: 0}",1
408,False,"{'a': 0.5, 'e': 0.016563777796593626}",35,21,29.324868298792676,"{0: 14, 1: 0, 2: 0, 3: 0, 4: 0}",1
409,False,"{'a': 0.5, 'e': 0.016398140018627688}",20,15,8.019668724618528,"{0: 5, 1: 0, 2: 0, 3: 0, 4: 0}",1
410,False,"{'a': 0.5, 'e': 0.01623415861844141}",20,9,19.853031352676968,"{0: 11, 1: 0, 2: 0, 3: 0, 4: 0}",1
411,False,"{'a': 0.5, 'e': 0.016071817032256998}",25,13,20.835978144065848,"{0: 12, 1: 0, 2: 0, 3: 0, 4: 0}",1
412,False,"{'a': 0.5, 'e': 0.015911098861934425}",20,13,12.81000490841486,"{0: 7, 1: 0, 2: 0, 3: 0, 4: 0}",1
413,False,"{'a': 0.5, 'e': 0.015751987873315082}",30,12,33.06080361155555,"{0: 18, 1: 0, 2: 0, 3: 0, 4: 0}",1
414,False,"{'a': 0.5, 'e': 0.015594467994581931}",20,13,11.88574455073164,"{0: 7, 1: 0, 2: 0, 3: 0, 4: 0}",1
415,False,"{'a': 0.5, 'e': 0.015438523314636111}",20,5,26.89257328475745,"{0: 15, 1: 0, 2: 0, 3: 0, 4: 0}",1
416,False,"{'a': 0.5, 'e': 0.01528413808148975}",20,6,23.831555223543806,"{0: 14, 1: 0, 2: 0, 3: 0, 4: 0}",1
417,False,"{'a': 0.5, 'e': 0.015131296700674854}",20,3,28.909916096607088,"{0: 17, 1: 0, 2: 0, 3: 0, 4: 0}",1
418,False,"{'a': 0.5, 'e': 0.014979983733668104}",25,16,19.77855744756726,"{0: 9, 1: 0, 2: 0, 3: 0, 4: 0}",1
419,False,"{'a': 0.5, 'e': 0.014830183896331423}",20,12,16.650281300555775,"{0: 8, 1: 0, 2: 0, 3: 0, 4: 0}",1
420,False,"{'a': 0.5, 'e': 0.014681882057368109}",35,12,40.73921801996852,"{0: 23, 1: 0, 2: 0, 3: 0, 4: 0}",1
421,False,"{'a': 0.5, 'e': 0.014535063236794427}",20,8,22.808065953502556,"{0: 12, 1: 0, 2: 0, 3: 0, 4: 0}",1
422,False,"{'a': 0.5, 'e': 0.014389712604426484}",25,11,28.52926675549722,"{0: 14, 1: 0, 2: 0, 3: 0, 4: 0}",1
423,False,"{'a': 0.5, 'e': 0.014245815478382218}",20,13,15.74561354491821,"{0: 7, 1: 0, 2: 0, 3: 0, 4: 0}",1
424,False,"{'a': 0.5, 'e': 0.014103357323598397}",25,17,17.004013887931052,"{0: 8, 1: 0, 2: 0, 3: 0, 4: 0}",1
425,False,"{'a': 0.5, 'e': 0.013962323750362412}",20,14,11.45393562072669,"{0: 6, 1: 0, 2: 0, 3: 0, 4: 0}",1
426,False,"{'a': 0.5, 'e': 0.013822700512858787}",20,14,11.79716929597907,"{0: 6, 1: 0, 2: 0, 3: 0, 4: 0}",1
427,False,"{'a': 0.5, 'e': 0.013684473507730199}",20,8,22.099196358797318,"{0: 12, 1: 0, 2: 0, 3: 0, 4: 0}",1
428,False,"{'a': 0.5, 'e': 0.013547628772652897}",25,8,29.79297895118366,"{0: 17, 1: 0, 2: 0, 3: 0, 4: 0}",1
429,False,"{'a': 0.5, 'e': 0.013412152484926368}",30,16,26.46074415762341,"{0: 14, 1: 0, 2: 0, 3: 0, 4: 0}",1
430,False,"{'a': 0.5, 'e': 0.013278030960077104}",20,9,19.548119539437074,"{0: 11, 1: 0, 2: 0, 3: 0, 4: 0}",1
431,False,"{'a': 0.5, 'e': 0.013145250650476333}",20,7,23.735723601438835,"{0: 13, 1: 0, 2: 0, 3: 0, 4: 0}",1
432,False,"{'a': 0.5, 'e': 0.01301379814397157}",25,17,13.125857134155037,"{0: 8, 1: 0, 2: 0, 3: 0, 4: 0}",1
433,False,"{'a': 0.5, 'e': 0.012883660162531854}",30,19,24.96058168374444,"{0: 11, 1: 0, 2: 0, 3: 0, 4: 0}",1
434,False,"{'a': 0.5, 'e': 0.012754823560906535}",25,20,9.972187934102486,"{0: 5, 1: 0, 2: 0, 3: 0, 4: 0}",1
435,False,"{'a': 0.5, 'e': 0.01262727532529747}",30,10,35.736112539269506,"{0: 20, 1: 0, 2: 0, 3: 0, 4: 0}",1
436,False,"{'a': 0.5, 'e': 0.012501002572044496}",25,18,15.343525211788698,"{0: 7, 1: 0, 2: 0, 3: 0, 4: 0}",1
437,False,"{'a': 0.5, 'e': 0.01237599254632405}",20,14,10.864569314089197,"{0: 6, 1: 0, 2: 0, 3: 0, 4: 0}",1
438,False,"{'a': 0.5, 'e': 0.012252232620860809}",30,19,24.96365955630085,"{0: 11, 1: 0, 2: 0, 3: 0, 4: 0}",1
439,False,"{'a': 0.5, 'e': 0.012129710294652202}",30,16,24.769258312611104,"{0: 14, 1: 0, 2: 0, 3: 0, 4: 0}",1
440,False,"{'a': 0.5, 'e': 0.01200841319170568}",25,10,25.89572951935561,"{0: 15, 1: 0, 2: 0, 3: 0, 4: 0}",1
441,False,"{'a': 0.5, 'e': 0.011888329059788622}",20,13,11.964136653919764,"{0: 7, 1: 0, 2: 0, 3: 0, 4: 0}",1
442,False,"{'a': 0.5, 'e': 0.011769445769190735}",25,12,24.687538221898578,"{0: 13, 1: 0, 2: 0, 3: 0, 4: 0}",1
443,False,"{'a': 0.5, 'e': 0.011651751311498829}",25,13,22.00373276196098,"{0: 12, 1: 0, 2: 0, 3: 0, 4: 0}",1
444,False,"{'a': 0.5, 'e': 0.01153523379838384}",20,10,3.2598470201102314,"{0: 9, 1: 0, 2: 1, 3: 0, 4: 0}",1
445,False,"{'a': 0.5, 'e': 0.011419881460400001}",30,18,26.037452877458065,"{0: 12, 1: 0, 2: 0, 3: 0, 4: 0}",1
446,False,"{'a': 0.5, 'e': 0.011305682645796001}",25,7,33.53870330118188,"{0: 18, 1: 0, 2: 0, 3: 0, 4: 0}",1
447,False,"{'a': 0.5, 'e': 0.011192625819338041}",25,14,16.469265169167457,"{0: 11, 1: 0, 2: 0, 3: 0, 4: 0}",1
448,False,"{'a': 0.5, 'e': 0.011080699561144661}",20,12,12.634183892501145,"{0: 8, 1: 0, 2: 0, 3: 0, 4: 0}",1
449,False,"{'a': 0.5, 'e': 0.010969892565533214}",20,13,11.631864568158568,"{0: 7, 1: 0, 2: 0, 3: 0, 4: 0}",1
450,False,"{'a': 0.5, 'e': 0.010860193639877882}",20,12,12.383041812469981,"{0: 8, 1: 0, 2: 0, 3: 0, 4: 0}",1
451,False,"{'a': 0.5, 'e': 0.010751591703479103}",20,11,16.05166705244247,"{0: 9, 1: 0, 2: 0, 3: 0, 4: 0}",1
452,False,"{'a': 0.5, 'e': 0.010644075786444312}",20,10,18.15842264268114,"{0: 10, 1: 0, 2: 0, 3: 0, 4: 0}",1
453,False,"{'a': 0.5, 'e': 0.01053763502857987}",25,20,11.62160573371591,"{0: 5, 1: 0, 2: 0, 3: 0, 4: 0}",1
454,False,"{'a': 0.5, 'e': 0.01043225867829407}",20,16,7.1324631925341855,"{0: 4, 1: 0, 2: 0, 3: 0, 4: 0}",1
455,False,"{'a': 0.5, 'e': 0.01032793609151113}",20,8,19.042153234269076,"{0: 12, 1: 0, 2: 0, 3: 0, 4: 0}",1
456,False,"{'a': 0.5, 'e': 0.010224656730596018}",25,13,25.54761525039559,"{0: 12, 1: 0, 2: 0, 3: 0, 4: 0}",1
457,False,"{'a': 0.5, 'e': 0.010122410163290057}",20,10,19.895716533128734,"{0: 10, 1: 0, 2: 0, 3: 0, 4: 0}",1
458,False,"{'a': 0.5, 'e': 0.010021186061657156}",35,24,23.78145660592931,"{0: 11, 1: 0, 2: 0, 3: 0, 4: 0}",1
459,False,"{'a': 0.5, 'e': 0.009920974201040586}",25,19,12.039873121943744,"{0: 6, 1: 0, 2: 0, 3: 0, 4: 0}",1
1,True,"{'a': 0, 'e': 0}",25,11,28.93384081932381,"{0: 14, 1: 0, 2: 0, 3: 0, 4: 0}",1
2,True,"{'a': 0, 'e': 0}",25,17,12.616049835386306,"{0: 8, 1: 0, 2: 0, 3: 0, 4: 0}",1
3,True,"{'a': 0, 'e': 0}",25,14,19.994404343155587,"{0: 11, 1: 0, 2: 0, 3: 0, 4: 0}",1
4,True,"{'a': 0, 'e': 0}",25,19,13.565014715365123,"{0: 6, 1: 0, 2: 0, 3: 0, 4: 0}",1
5,True,"{'a': 0, 'e': 0}",25,12,25.410664338127575,"{0: 13, 1: 0, 2: 0, 3: 0, 4: 0}",1
6,True,"{'a': 0, 'e': 0}",20,9,17.841669743168808,"{0: 11, 1: 0, 2: 0, 3: 0, 4: 0}",1
7,True,"{'a': 0, 'e': 0}",30,16,21.115158609238698,"{0: 14, 1: 0, 2: 0, 3: 0, 4: 0}",1
8,True,"{'a': 0, 'e': 0}",25,12,24.410073838642464,"{0: 13, 1: 0, 2: 0, 3: 0, 4: 0}",1
9,True,"{'a': 0, 'e': 0}",35,12,41.223167820283116,"{0: 23, 1: 0, 2: 0, 3: 0, 4: 0}",1
10,True,"{'a': 0, 'e': 0}",20,10,15.427103354182849,"{0: 10, 1: 0, 2: 0, 3: 0, 4: 0}",1
11,True,"{'a': 0, 'e': 0}",25,9,30.508766990781453,"{0: 16, 1: 0, 2: 0, 3: 0, 4: 0}",1
12,True,"{'a': 0, 'e': 0}",20,13,13.650137009651015,"{0: 7, 1: 0, 2: 0, 3: 0, 4: 0}",1
13,True,"{'a': 0, 'e': 0}",20,13,10.459766587036471,"{0: 7, 1: 0, 2: 0, 3: 0, 4: 0}",1
14,True,"{'a': 0, 'e': 0}",25,11,25.74447227579027,"{0: 14, 1: 0, 2: 0, 3: 0, 4: 0}",1
15,True,"{'a': 0, 'e': 0}",30,13,32.045251413257326,"{0: 17, 1: 0, 2: 0, 3: 0, 4: 0}",1
16,True,"{'a': 0, 'e': 0}",20,10,15.355546459903772,"{0: 10, 1: 0, 2: 0, 3: 0, 4: 0}",1
17,True,"{'a': 0, 'e': 0}",20,13,16.078825337825794,"{0: 7, 1: 0, 2: 0, 3: 0, 4: 0}",1
18,True,"{'a': 0, 'e': 0}",25,20,9.859678927972949,"{0: 5, 1: 0, 2: 0, 3: 0, 4: 0}",1
19,True,"{'a': 0, 'e': 0}",25,13,24.99137132871438,"{0: 12, 1: 0, 2: 0, 3: 0, 4: 0}",1
20,True,"{'a': 0, 'e': 0}",25,12,23.997357740979865,"{0: 13, 1: 0, 2: 0, 3: 0, 4: 0}",1
21,True,"{'a': 0, 'e': 0}",25,11,24.856909024035325,"{0: 14, 1: 0, 2: 0, 3: 0, 4: 0}",1
22,True,"{'a': 0, 'e': 0}",25,15,20.55902772947514,"{0: 10, 1: 0, 2: 0, 3: 0, 4: 0}",1
23,True,"{'a': 0, 'e': 0}",20,16,6.26746687904936,"{0: 4, 1: 0, 2: 0, 3: 0, 4: 0}",1
24,True,"{'a': 0, 'e': 0}",25,10,26.461096826877505,"{0: 15, 1: 0, 2: 0, 3: 0, 4: 0}",1
25,True,"{'a': 0, 'e': 0}",20,12,15.278393850785134,"{0: 8, 1: 0, 2: 0, 3: 0, 4: 0}",1
26,True,"{'a': 0, 'e': 0}",20,15,6.8059753749603,"{0: 5, 1: 0, 2: 0, 3: 0, 4: 0}",1
27,True,"{'a': 0, 'e': 0}",20,11,13.76039499426445,"{0: 9, 1: 0, 2: 0, 3: 0, 4: 0}",1
28,True,"{'a': 0, 'e': 0}",30,10,33.1993574548931,"{0: 20, 1: 0, 2: 0, 3: 0, 4: 0}",1
29,True,"{'a': 0, 'e': 0}",25,14,21.09702575673822,"{0: 11, 1: 0, 2: 0, 3: 0, 4: 0}",1
30,True,"{'a': 0, 'e': 0}",35,23,25.322141699725428,"{0: 12, 1: 0, 2: 0, 3: 0, 4: 0}",1
31,True,"{'a': 0, 'e': 0}",30,12,39.403569668593946,"{0: 18, 1: 0, 2: 0, 3: 0, 4: 0}",1
32,True,"{'a': 0, 'e': 0}",20,11,16.108514671843533,"{0: 9, 1: 0, 2: 0, 3: 0, 4: 0}",1
33,True,"{'a': 0, 'e': 0}",25,15,21.53689916186105,"{0: 10, 1: 0, 2: 0, 3: 0, 4: 0}",1
34,True,"{'a': 0, 'e': 0}",20,14,11.24922075032426,"{0: 6, 1: 0, 2: 0, 3: 0, 4: 0}",1
35,True,"{'a': 0, 'e': 0}",35,24,21.493326096917635,"{0: 11, 1: 0, 2: 0, 3: 0, 4: 0}",1
36,True,"{'a': 0, 'e': 0}",30,17,21.147271119645886,"{0: 13, 1: 0, 2: 0, 3: 0, 4: 0}",1
37,True,"{'a': 0, 'e': 0}",25,10,27.048480981319344,"{0: 15, 1: 0, 2: 0, 3: 0, 4: 0}",1
38,True,"{'a': 0, 'e': 0}",30,16,27.57627674920096,"{0: 14, 1: 0, 2: 0, 3: 0, 4: 0}",1
39,True,"{'a': 0, 'e': 0}",25,16,14.862742462985493,"{0: 9, 1: 0, 2: 0, 3: 0, 4: 0}",1
40,True,"{'a': 0, 'e': 0}",20,13,11.409941411208376,"{0: 7, 1: 0, 2: 0, 3: 0, 4: 0}",1
41,True,"{'a': 0, 'e': 0}",20,8,22.520277111713618,"{0: 12, 1: 0, 2: 0, 3: 0, 4: 0}",1
42,True,"{'a': 0, 'e': 0}",25,13,21.494456407059243,"{0: 12, 1: 0, 2: 0, 3: 0, 4: 0}",1
43,True,"{'a': 0, 'e': 0}",20,14,11.481381432587595,"{0: 6, 1: 0, 2: 0, 3: 0, 4: 0}",1
44,True,"{'a': 0, 'e': 0}",25,3,33.50670804341099,"{0: 22, 1: 0, 2: 0, 3: 0, 4: 0}",1
45,True,"{'a': 0, 'e': 0}",25,17,18.28979440725855,"{0: 8, 1: 0, 2: 0, 3: 0, 4: 0}",1
46,True,"{'a': 0, 'e': 0}",20,13,11.8374568961958,"{0: 7, 1: 0, 2: 0, 3: 0, 4: 0}",1
47,True,"{'a': 0, 'e': 0}",30,16,24.6208445519922,"{0: 14, 1: 0, 2: 0, 3: 0, 4: 0}",1
48,True,"{'a': 0, 'e': 0}",30,19,21.25217621188,"{0: 11, 1: 0, 2: 0, 3: 0, 4: 0}",1
49,True,"{'a': 0, 'e': 0}",20,14,10.515155099870379,"{0: 6, 1: 0, 2: 0, 3: 0, 4: 0}",1
50,True,"{'a': 0, 'e': 0}",20,12,10.658008844184423,"{0: 8, 1: 0, 2: 0, 3: 0, 4: 0}",1
